"1","1125","2022-05-12 23:15:49","2022-05-30 21:53:42","2022-05-30 21:53:42"
"2","8432","2022-06-21 12:13:04","2022-05-30 21:53:42","2022-05-30 21:53:42"
"3","1413","2022-06-21 14:31:49","2022-05-30 21:53:42","2022-05-30 21:53:42"
"4","2358","2022-06-17 18:49:14","2022-05-30 21:53:42","2022-05-30 21:53:42"
"5","1841","2022-06-06 07:26:49","2022-05-30 21:53:42","2022-05-30 21:53:42"
"6","7256","2022-05-18 22:42:19","2022-05-30 21:53:42","2022-05-30 21:53:42"
"7","4970","2022-06-22 16:02:14","2022-05-30 21:53:42","2022-05-30 21:53:42"
"8","4948","2022-06-15 19:43:07","2022-05-30 21:53:42","2022-05-30 21:53:42"
"9","4212","2022-05-18 15:42:39","2022-05-30 21:53:42","2022-05-30 21:53:42"
"10","6888","2022-05-16 10:19:57","2022-05-30 21:53:42","2022-05-30 21:53:42"
"11","2966","2022-05-23 20:03:01","2022-05-30 21:53:42","2022-05-30 21:53:42"
"12","6029","2022-05-02 14:26:39","2022-05-30 21:53:42","2022-05-30 21:53:42"
"13","7045","2022-05-29 19:32:48","2022-05-30 21:53:42","2022-05-30 21:53:42"
"14","2282","2022-06-28 09:02:45","2022-05-30 21:53:42","2022-05-30 21:53:42"
"15","3656","2022-06-14 10:31:10","2022-05-30 21:53:42","2022-05-30 21:53:42"
"16","7070","2022-05-22 17:08:12","2022-05-30 21:53:42","2022-05-30 21:53:42"
"17","4927","2022-06-14 21:00:05","2022-05-30 21:53:42","2022-05-30 21:53:42"
"18","5607","2022-05-30 19:04:04","2022-05-30 21:53:42","2022-05-30 21:53:42"
"19","6052","2022-06-24 12:45:34","2022-05-30 21:53:42","2022-05-30 21:53:42"
"20","3694","2022-06-10 07:02:07","2022-05-30 21:53:42","2022-05-30 21:53:42"